data_registro,nome,email,senha,foto_perfil
2025-12-03 01:21:58,Ana Laura,anakf@gmail.com,2444,/static/uploads/perfil_fotos/4abff10f-2645-4822-a489-6f075559421e.jpg
2025-12-03 01:35:47,erik,erikh@gmail,1234,/static/uploads/perfil_fotos/af772817-199f-47f4-870e-039fce96741f.jpeg
2025-12-03 12:02:44,Isinha,isa@gmail.com,1234,/static/assets/imagens/foto-perfil.png
2025-12-04 22:00:47,Matheus,mbp123456@gmail.com,01230123,/static/assets/imagens/foto-perfil.png
2025-12-08 16:50:46,Valéria,valerialkk@gmail.com,1982,/static/assets/imagens/foto-perfil.png
2025-12-08 21:14:15,arnaldo,arnaldo@gamil.com,321,/static/assets/imagens/foto-perfil.png
2025-12-08 21:19:42,jurema,jurema@gmail.com,4321,/static/uploads/perfil_fotos/e16a971e-b605-4fc5-b78e-687baf17275c.png
2025-12-08 23:14:04,Heitor Nepomuceno,heitor@gmail.com,13579,/static/assets/imagens/foto-perfil.png
2025-12-08 23:17:08,alfredo,alfredo@gmail.com,1973,/static/uploads/perfil_fotos/40727a93-5679-45df-855b-7d7abba5b041.jpeg
